id,date,component,symptom,root_cause,fix,file,lines,verification,status,author
E-01,2026-09-10,driver/XDMA.sys,"BSOD 0x1000007E c0000005 @ XDMA.sys+0x1067 (call [rax+3A0h], rax=0)","build.cmd linked /entry:DriverEntry; KMDF FxDriverEntry stub not linked; WdfFunctions NULL",FIX-8: /entry:FxDriverEntry,build.cmd,link line,"dumpbin /IMPORTS shows WDFLDR imports; entry 0x1988; driver loads; 2 reboots clean",fixed,AutoClaw
E-02,2026-09-11,build/inf2cat,"inf2cat fail: 22.9.10 missing SourceDisksFiles; 22.9.7 postdated DriverVer; 22.9.6 bad date format","INF lacked SourceDisks*; stampinf used local date and culture-dependent format","XDMA.inx SourceDisks sections; FIX-10 yesterday-UTC date with InvariantCulture","build.cmd; XDMA.inx","106-151; 45-52","Signability OK; xdma.cat created+signed (2337 B)",fixed,AutoClaw
E-03,2026-09-11,build.cmd,"legacy sc-create/System32 copy conflicted with PnP install","historic quick-test path left second driver copy + sticky service",FIX-9: removed tail; install via PnP only,build.cmd,tail section,"build no longer creates service/System32 copy",fixed,AutoClaw
E-04,2026-09-11,driver+test,"BSOD 0x124 WHEA PCIe AER during DDR3 test","driver mapped 2nd BAR (64KB MSI-X) as DDR3 window; test poked it -> Completer Abort -> fatal AER","FIX-11 driver size guard (DDR3_MIN_WINDOW_BYTES 16MB)+DbgPrint; FIX-12 test BAR preflight + SKIP","driver.c; test_xdma.c","EvtDevicePrepareHardware; main","test_xdma.exe ddr3 -> SKIP, exit 0, no BSOD, device OK, minidumps still 3",fixed,AutoClaw
E-05,2026-09-11,driver emulators,"emulate_test.py/edge_cases.py used legacy map (TDOT 0x40001000, ICAP 0x40002000, BAR2=DDR3)","stale constants after DFX integration",updated to canonical DFX map + DDR3 DMA-window semantics,"emulate_test.py; edge_cases.py","constants; decode; tests","emulate_test 6 PASS/0 FAIL; edge_cases 6 PASS/0 FAIL; py_compile OK",fixed,AutoClaw
E-06,2026-09-11,driver install scripts,"pnputil cleanup step did nothing on RU Windows","matched English labels Published/Original Name",FIX-14: match ASCII oemNN.inf / xdma.inf,"install.cmd; uninstall.cmd","step 3; step 3","manually executed: found+removed staged oem10.inf on this RU system",fixed,AutoClaw
E-07,2026-09-11,pytorch/monitor_temp.py,"printed 0.00 C as a measurement while XADC invalid","no valid-bit handling for BUG-031",FIX-13: INVALID marker + exit code 3 + --allow-invalid,monitor_temp.py,poll_loop/main,"py_compile OK; code path inspected",fixed,AutoClaw
E-08,2026-09-11,pytorch/xdma_driver.py,"header claimed BAR2=DDR3 contradicting ADDRESS_MAP 1.2","stale docstring",docstring aligned to canonical map (DMA-only),xdma_driver.py,header,"py_compile OK; matches ADDRESS_MAP + FIX-11",fixed,AutoClaw
E-09,2026-09-11,fpga/bitstream,"measured BAR0=1MB while scripts set 128MB; AXI-Lite writes do not stick","board runs an obsolete/mismatched bitstream",rebuild+reflash in Vivado (requires confirmation),scripts/build_dfx.tcl,"2d","measured via IOCTL; documented as risk R-01; recipe in driver/R-01_BUILD_AND_FLASH.md",deferred,AutoClaw
E-10,2026-09-11,scripts/Makefile,"Makefile targets referenced missing gen_bin_mcs.tcl/gen_bitstream.tcl; README referenced missing build.bat/rtl_lint.py","helper scripts not committed","added scripts/gen_bin_mcs.tcl + scripts/flash_program.tcl; Makefile GEN_BITSTREAM->build_dfx.tcl; README fixed","scripts/gen_bin_mcs.tcl; scripts/flash_program.tcl; Makefile; README.md",n/a,"make build remains the proven path; new targets mirror proven step-9 code (full run pending, R-06)",fixed,AutoClaw
E-11,2026-09-11,environment(Vivado launcher),"intermittent 'Unknown error occured while verifying the digital signature' 0x80096010 at Vivado startup; CAPI2 shows WinVerifyTrust FAILED on xv_netlist.dll while file signature is Valid","360 Total Security (QHActiveDefense) interference + cold certificate chain cache","AV exclusions for C:\AMDDesignTools and project dir; retry; scripts/check_vivado_signatures.ps1 for diagnostics","driver/ERROR-FIX-LOG.md; scripts/check_vivado_signatures.ps1",n/a,"two consecutive vivado batch runs succeeded (TINY_OK, exit 0) on 2026-09-11 22:53/22:54",mitigated,AutoClaw
E-12,2026-09-11,pytorch+docs,"no CLI/instructions for programming the FPGA over PCIe without JTAG","tooling/documentation gap (icap_load.py too basic; flash_write.py is a stub)","added pytorch_layer/program_fpga_icap.py (precheck, full/partial autodetect, --yes guard, --dry-run/--mock) + driver/PROGRAM_FPGA_OVER_PCIE.md(+html) + README section","pytorch_layer/program_fpga_icap.py; driver/PROGRAM_FPGA_OVER_PCIE.md; driver/PROGRAM_FPGA_OVER_PCIE.html; README.md",n/a,"py_compile OK; --dry-run OK; --mock delivered 1002 words, exit 0; --yes guard returns 2",added,AutoClaw
E-13,2026-09-11,pytorch/icap,"'wrong sync word 0xFFFFFFFF' on every real Vivado .bin (1,349,799-word full image rejected)","Vivado 7-series .bin/.bit carry a 48-byte preamble (0xFFx32 + BWD 0000BB1122 0044 + 0xFFx8) before sync AA995566; loader required sync at word 0","added find_sync_offset() (4-byte-aligned scan in first 1024 B) + preamble skip with message; applied to program_fpga_icap.py (--strict-sync opt) and icap_load.py","pytorch_layer/program_fpga_icap.py; pytorch_layer/icap_load.py; driver/PROGRAM_FPGA_OVER_PCIE.md; driver/PROGRAM_FPGA_OVER_PCIE.html",n/a,"--dry-run: preamble 48 B skipped, 1,349,799 words, sync OK; --mock full -> 1,349,799 words exit 0; partial -> 505,901 words exit 0; py_compile OK; emulate_test 6/6",fixed,AutoClaw
E-14,2026-09-12,pytorch/icap,"full image streamed over ICAP successfully (1,349,799 words, 19 s, exit 0) but had NO effect: BAR0 stayed 1024 KB, GPIO unchanged, no PnP events; board intact","full-device reconfiguration cannot be streamed through a port implemented in the fabric being overwritten; 7-series ICAP is for partial (RP) reconfig; full image needs JTAG/SPI","documented in PROGRAM_FPGA_OVER_PCIE sect.9 / RISK R-14; recommended path: flash_program.tcl (JTAG) + power-cycle; added Windows XdmaWinDriver backend (native \\\\.\\XDMA0 MMIO, no xdma_rw)","driver/PROGRAM_FPGA_OVER_PCIE.md; driver/PROGRAM_FPGA_OVER_PCIE.html; driver/RISK_REGISTER.md; README.md",n/a,"ICAP STATUS 0x1 before/after; BAR0 after remove+rescan = 1024 KB; XdmaWinDriver read/write verified on HW (ICAP STATUS=0x1, GPIO read/write OK); minidumps still 3",diagnosed,AutoClaw
E-15,2026-10-02,driver/file_io.c,"BSOD 0x3B c0000005 in nt!wcscmp (rcx=0), caller XDMA_DMA+0x1eb8=GetDevNodeType; open \\\\.\XDMA0dma without subname","wcscmp(fileName->Buffer,...) without Buffer==NULL/Length==0 guard","EvtDeviceFileCreate gate fileName->Buffer==NULL||Length==0 -> STATUS_INVALID_PARAMETER before GetDevNodeType",xdma_driver_win_src_2017/sys/file_io.c,EvtDeviceFileCreate,"rebuild+install v1.1.20; open with/without subname returns clean status; no crash",fixed,MultiTool
E-16,2026-10-01,driver/file_io.c,"BSOD 0x50 PAGE_FAULT_IN_NONPAGED_AREA, rep movs (READ_REGISTER_BUFFER_ULONG) on unmapped addr, IRQL 2",ReadBarToRequest did not call ValidateBarParams; offset beyond mapped BAR",ReadBarToRequest/WriteBarFromRequest call ValidateBarParams (offset+len<barLength) before READ/WRITE_REGISTER_*",xdma_driver_win_src_2017/sys/file_io.c,ReadBarToRequest/WriteBarFromRequest,"probe out-of-range now returns GLE=1, no BSOD; peripherals read OK via \user",fixed,MultiTool
E-17,2026-10-02,driver/build+WPP,"Add per-step Entry/Exit logging to catch hang (suspected hardware, not driver)","no in-memory tracing; WPP was stubbed out in release","Optional WPP: trace.h gate !DBG&&!WPP_ENABLED; build.cmd :do_wpp (tracewpp+WppConfig); /DWPP_ENABLED; WPP_INIT_TRACING; Event-Log source in INF",build.cmd; trace.h; file_io.c; dma_driver.c; XDMA_DMA.inx,n/a,"built v1.1.21; WPP emits to ETW RAM buffer (no disk); Event Log source registered",added,MultiTool
E-18,2026-10-03,firmware/BD+diag,"MIG/DDR3 @0x80000000 no response: XDMA h2c descriptor and TDOT AXI-master hang BUSY/no DONE; loopback stalls","BD route xdma_axi_smc->MIG correct (0x80000000) but DDR3 controller/board not calibrated/defective","NUM_MAC 32->16 default; diag_axi_sniffer (AXI counters + expected/got compare); BRAM bypass 8KB @0x00000000 for TDOT/XDMA + host AXI-Lite @0x40006000 (no DMA)",rtl/diag/diag_axi_sniffer.sv; xdma_ddr3_dfx_bd.tcl; top/core RTL; build_*.tcl,n/a,"xvlog diag+tdot rc=0; commit 36b6926 pushed; rebuild via Vivado 2025.2 required (CORE_PARAMS will become 0x810)",in_progress,MultiTool
E-19,2026-10-04,driver/file_io.c WDF DMA,"DMA write >512 B hangs (host IRP timeout); 256/512 B PASS","WdfDmaTransactionSetMaximumLength(512) splits request into multi-packet WDF transaction; packet1 is polled synchronously (XDMA_EngineWaitCompletion), packet2+ completion relies on MSI-X interrupt that does not reach host -> request never completed","ATTEMPTED poll-loop fix (txnDone in dma_engine + do-while in EvtIoWriteDma/Read) v1.1.23 -> REGRESSED. ROOT CAUSE via IOCTL_XDMA_DIAG_GET+engine regs: XDMA engine does NOT restart between WDF packets (pkt2 programmed, engine stuck DESC_STOPPED|COMPLETED). FIXED v1.1.27: single WDF packet per request (SetMaximumLength=XDMA_MAX_TRANSFER_SIZE=8MB)","xdma_driver_win_src_2017/sys/file_io.c","692;754 (+dma_engine.h/.c progDmaCalls/ResetIdle diag, IOCTL_XDMA_DIAG_GET)","HW reg diag: AFTER 1024B write H2C0 completedDescCount=1, status=0x06(desc_stopped|completed), progDmaCalls=2 -> engine never executes packet2. FIX v1.1.27 bench: loopback 512/1024/2048/1MiB all PASS, no WHEA/AER/ROF","fixed (v1.1.27); ROF risk when 512 cap removed - monitor under load",MultiTool
